<PAMDataset>
  <Metadata>
    <MDI key="DataType">Generic</MDI>
  </Metadata>
  <Metadata domain="Esri">
    <MDI key="PyramidResamplingType">NEAREST</MDI>
  </Metadata>
  <PAMRasterBand band="1">
    <Histograms>
      <HistItem>
        <HistMin>-0.5</HistMin>
        <HistMax>25.5</HistMax>
        <BucketCount>26</BucketCount>
        <IncludeOutOfRange>1</IncludeOutOfRange>
        <Approximate>0</Approximate>
        <HistCounts>0|265340|161178|271496|450565|264933|205130|174336|141888|90004|81334|49260|13126|5370|2324|1806|1497|1413|840|574|375|357|176|146|30|12</HistCounts>
      </HistItem>
    </Histograms>
    <Metadata>
      <MDI key="RepresentationType">THEMATIC</MDI>
      <MDI key="STATISTICS_COVARIANCES">7.746203194229434</MDI>
      <MDI key="STATISTICS_MAXIMUM">25</MDI>
      <MDI key="STATISTICS_MEAN">4.8842345581197</MDI>
      <MDI key="STATISTICS_MINIMUM">1</MDI>
      <MDI key="STATISTICS_SKIPFACTORX">1</MDI>
      <MDI key="STATISTICS_SKIPFACTORY">1</MDI>
      <MDI key="STATISTICS_STDDEV">2.7832001714267</MDI>
    </Metadata>
  </PAMRasterBand>
</PAMDataset>
