<PAMDataset>
  <Metadata>
    <MDI key="DataType">Generic</MDI>
  </Metadata>
  <Metadata domain="Esri">
    <MDI key="PyramidResamplingType">NEAREST</MDI>
  </Metadata>
  <PAMRasterBand band="1">
    <Histograms>
      <HistItem>
        <HistMin>-0.5</HistMin>
        <HistMax>36.5</HistMax>
        <BucketCount>37</BucketCount>
        <IncludeOutOfRange>1</IncludeOutOfRange>
        <Approximate>0</Approximate>
        <HistCounts>0|92511|16599|18432|18783|20728|31656|31534|27282|27621|24055|17174|15613|11333|8458|4900|4709|3064|2069|1633|1483|1320|920|968|639|464|574|478|658|683|360|219|43|24|12|9|2</HistCounts>
      </HistItem>
    </Histograms>
    <Metadata>
      <MDI key="RepresentationType">THEMATIC</MDI>
      <MDI key="STATISTICS_COVARIANCES">26.66287378882393</MDI>
      <MDI key="STATISTICS_MAXIMUM">36</MDI>
      <MDI key="STATISTICS_MEAN">6.7246091832252</MDI>
      <MDI key="STATISTICS_MINIMUM">1</MDI>
      <MDI key="STATISTICS_SKIPFACTORX">1</MDI>
      <MDI key="STATISTICS_SKIPFACTORY">1</MDI>
      <MDI key="STATISTICS_STDDEV">5.1636105380658</MDI>
    </Metadata>
  </PAMRasterBand>
</PAMDataset>
