<PAMDataset>
  <Metadata>
    <MDI key="DataType">Generic</MDI>
  </Metadata>
  <Metadata domain="Esri">
    <MDI key="PyramidResamplingType">NEAREST</MDI>
  </Metadata>
  <PAMRasterBand band="1">
    <Histograms>
      <HistItem>
        <HistMin>-0.5</HistMin>
        <HistMax>36.5</HistMax>
        <BucketCount>37</BucketCount>
        <IncludeOutOfRange>1</IncludeOutOfRange>
        <Approximate>0</Approximate>
        <HistCounts>0|1380368|360582|169509|83525|56319|38488|38580|33404|32216|12718|5850|2725|3086|3140|3051|3070|3497|3239|2376|2314|2196|1722|1236|1056|794|785|639|493|303|194|163|69|54|23|16|3</HistCounts>
      </HistItem>
    </Histograms>
    <Metadata>
      <MDI key="RepresentationType">THEMATIC</MDI>
      <MDI key="STATISTICS_COVARIANCES">7.980977299165602</MDI>
      <MDI key="STATISTICS_MAXIMUM">36</MDI>
      <MDI key="STATISTICS_MEAN">2.2824397867607</MDI>
      <MDI key="STATISTICS_MINIMUM">1</MDI>
      <MDI key="STATISTICS_SKIPFACTORX">1</MDI>
      <MDI key="STATISTICS_SKIPFACTORY">1</MDI>
      <MDI key="STATISTICS_STDDEV">2.8250623531465</MDI>
    </Metadata>
  </PAMRasterBand>
</PAMDataset>
