<PAMDataset>
  <Metadata>
    <MDI key="DataType">Generic</MDI>
  </Metadata>
  <Metadata domain="Esri">
    <MDI key="PyramidResamplingType">NEAREST</MDI>
  </Metadata>
  <PAMRasterBand band="1">
    <Histograms>
      <HistItem>
        <HistMin>-0.5</HistMin>
        <HistMax>131.5</HistMax>
        <BucketCount>132</BucketCount>
        <IncludeOutOfRange>1</IncludeOutOfRange>
        <Approximate>0</Approximate>
        <HistCounts>0|452327|245613|264502|109013|91374|79229|73562|62353|69838|56716|47586|28819|23601|20813|18859|17820|17228|16233|13723|13244|11630|12176|13662|14910|14488|13456|11145|10166|8919|9653|10128|9092|9372|8583|7362|7370|6625|7527|7092|7114|5963|5381|5113|4963|4174|3757|2798|2465|2159|2076|1993|1946|1697|1560|1433|1421|1563|1451|1360|1450|1444|1492|1760|1448|1541|1909|1775|1932|1885|1701|1521|1357|1487|1477|1601|1729|1747|1577|1522|1221|953|825|760|1233|1023|906|947|1000|1001|735|702|550|557|708|870|726|737|939|854|923|716|580|512|446|383|380|293|247|226|148|130|163|110|147|123|81|78|57|62|114|91|40|42|38|59|24|18|11|4|1|2</HistCounts>
      </HistItem>
    </Histograms>
    <Metadata>
      <MDI key="RepresentationType">THEMATIC</MDI>
      <MDI key="STATISTICS_COVARIANCES">254.4616140540041</MDI>
      <MDI key="STATISTICS_MAXIMUM">131</MDI>
      <MDI key="STATISTICS_MEAN">10.471137724669</MDI>
      <MDI key="STATISTICS_MINIMUM">1</MDI>
      <MDI key="STATISTICS_SKIPFACTORX">1</MDI>
      <MDI key="STATISTICS_SKIPFACTORY">1</MDI>
      <MDI key="STATISTICS_STDDEV">15.951852997505</MDI>
    </Metadata>
  </PAMRasterBand>
</PAMDataset>
