<PAMDataset>
  <Metadata>
    <MDI key="DataType">Generic</MDI>
  </Metadata>
  <Metadata domain="Esri">
    <MDI key="PyramidResamplingType">NEAREST</MDI>
  </Metadata>
  <PAMRasterBand band="1">
    <Histograms>
      <HistItem>
        <HistMin>-0.5</HistMin>
        <HistMax>33.5</HistMax>
        <BucketCount>34</BucketCount>
        <IncludeOutOfRange>1</IncludeOutOfRange>
        <Approximate>0</Approximate>
        <HistCounts>0|117612|127357|134045|427678|183263|154669|256595|328753|304764|267659|280137|238469|161352|108095|104724|90785|58667|47805|33751|28642|23740|18754|13905|9851|8767|5842|4441|2616|1370|589|105|37|2</HistCounts>
      </HistItem>
    </Histograms>
    <Metadata>
      <MDI key="RepresentationType">THEMATIC</MDI>
      <MDI key="STATISTICS_COVARIANCES">24.03331542292158</MDI>
      <MDI key="STATISTICS_MAXIMUM">33</MDI>
      <MDI key="STATISTICS_MEAN">9.0040850915457</MDI>
      <MDI key="STATISTICS_MINIMUM">1</MDI>
      <MDI key="STATISTICS_SKIPFACTORX">1</MDI>
      <MDI key="STATISTICS_SKIPFACTORY">1</MDI>
      <MDI key="STATISTICS_STDDEV">4.9023785474932</MDI>
    </Metadata>
  </PAMRasterBand>
</PAMDataset>
