<PAMDataset>
  <Metadata>
    <MDI key="DataType">Generic</MDI>
  </Metadata>
  <Metadata domain="Esri">
    <MDI key="PyramidResamplingType">NEAREST</MDI>
  </Metadata>
  <PAMRasterBand band="1">
    <Histograms>
      <HistItem>
        <HistMin>-0.5</HistMin>
        <HistMax>27.5</HistMax>
        <BucketCount>28</BucketCount>
        <IncludeOutOfRange>1</IncludeOutOfRange>
        <Approximate>0</Approximate>
        <HistCounts>0|876363|798718|393501|286111|188834|63021|32772|30554|32037|28364|18542|16447|16573|13544|10207|8362|6501|6192|5239|3922|1817|1024|563|382|125|23|2</HistCounts>
      </HistItem>
    </Histograms>
    <Metadata>
      <MDI key="RepresentationType">THEMATIC</MDI>
      <MDI key="STATISTICS_COVARIANCES">8.800757389955003</MDI>
      <MDI key="STATISTICS_MAXIMUM">27</MDI>
      <MDI key="STATISTICS_MEAN">3.0800960651327</MDI>
      <MDI key="STATISTICS_MINIMUM">1</MDI>
      <MDI key="STATISTICS_SKIPFACTORX">1</MDI>
      <MDI key="STATISTICS_SKIPFACTORY">1</MDI>
      <MDI key="STATISTICS_STDDEV">2.9666070501425</MDI>
    </Metadata>
  </PAMRasterBand>
</PAMDataset>
