<PAMDataset>
  <Metadata>
    <MDI key="DataType">Generic</MDI>
  </Metadata>
  <Metadata domain="Esri">
    <MDI key="PyramidResamplingType">NEAREST</MDI>
  </Metadata>
  <PAMRasterBand band="1">
    <Histograms>
      <HistItem>
        <HistMin>-0.5</HistMin>
        <HistMax>30.5</HistMax>
        <BucketCount>31</BucketCount>
        <IncludeOutOfRange>1</IncludeOutOfRange>
        <Approximate>0</Approximate>
        <HistCounts>0|979219|569850|398082|261913|169953|148247|112196|87611|63404|40685|27301|19859|15074|11766|9101|7672|5552|3897|2883|1707|2001|928|442|293|178|128|146|46|37|33</HistCounts>
      </HistItem>
    </Histograms>
    <Metadata>
      <MDI key="RepresentationType">THEMATIC</MDI>
      <MDI key="STATISTICS_COVARIANCES">9.587224677695406</MDI>
      <MDI key="STATISTICS_MAXIMUM">30</MDI>
      <MDI key="STATISTICS_MEAN">3.4251143798185</MDI>
      <MDI key="STATISTICS_MINIMUM">1</MDI>
      <MDI key="STATISTICS_SKIPFACTORX">1</MDI>
      <MDI key="STATISTICS_SKIPFACTORY">1</MDI>
      <MDI key="STATISTICS_STDDEV">3.0963243818591</MDI>
    </Metadata>
  </PAMRasterBand>
</PAMDataset>
