<PAMDataset>
  <Metadata>
    <MDI key="DataType">Generic</MDI>
  </Metadata>
  <Metadata domain="Esri">
    <MDI key="PyramidResamplingType">NEAREST</MDI>
  </Metadata>
  <PAMRasterBand band="1">
    <Histograms>
      <HistItem>
        <HistMin>-0.5</HistMin>
        <HistMax>56.5</HistMax>
        <BucketCount>57</BucketCount>
        <IncludeOutOfRange>1</IncludeOutOfRange>
        <Approximate>0</Approximate>
        <HistCounts>0|153229|46393|22727|10463|8219|4654|4579|4974|6665|6304|7854|7570|7297|7151|8715|10501|10052|10202|14759|10497|6929|5052|4362|3897|4250|2935|2652|1848|1481|1054|793|695|675|521|444|349|340|223|107|77|76|42|58|44|46|31|23|12|14|14|10|5|6|4|1|1</HistCounts>
      </HistItem>
    </Histograms>
    <Metadata>
      <MDI key="RepresentationType">THEMATIC</MDI>
      <MDI key="STATISTICS_COVARIANCES">73.27662185330583</MDI>
      <MDI key="STATISTICS_MAXIMUM">56</MDI>
      <MDI key="STATISTICS_MEAN">7.7816017876161</MDI>
      <MDI key="STATISTICS_MINIMUM">1</MDI>
      <MDI key="STATISTICS_SKIPFACTORX">1</MDI>
      <MDI key="STATISTICS_SKIPFACTORY">1</MDI>
      <MDI key="STATISTICS_STDDEV">8.5601765083032</MDI>
    </Metadata>
  </PAMRasterBand>
</PAMDataset>
