<PAMDataset>
  <Metadata>
    <MDI key="DataType">Generic</MDI>
  </Metadata>
  <Metadata domain="Esri">
    <MDI key="PyramidResamplingType">NEAREST</MDI>
  </Metadata>
  <PAMRasterBand band="1">
    <Histograms>
      <HistItem>
        <HistMin>-0.5</HistMin>
        <HistMax>30.5</HistMax>
        <BucketCount>31</BucketCount>
        <IncludeOutOfRange>1</IncludeOutOfRange>
        <Approximate>0</Approximate>
        <HistCounts>0|112314|132104|76723|27034|24221|25233|19307|20130|20881|20325|15288|15757|17431|10929|9778|13865|14041|10426|9436|8123|7426|6099|3315|1721|1299|608|280|143|38|7</HistCounts>
      </HistItem>
    </Histograms>
    <Metadata>
      <MDI key="RepresentationType">THEMATIC</MDI>
      <MDI key="STATISTICS_COVARIANCES">36.81812678194337</MDI>
      <MDI key="STATISTICS_MAXIMUM">30</MDI>
      <MDI key="STATISTICS_MEAN">6.4346080777597</MDI>
      <MDI key="STATISTICS_MINIMUM">1</MDI>
      <MDI key="STATISTICS_SKIPFACTORX">1</MDI>
      <MDI key="STATISTICS_SKIPFACTORY">1</MDI>
      <MDI key="STATISTICS_STDDEV">6.0677942270601</MDI>
    </Metadata>
  </PAMRasterBand>
</PAMDataset>
